#{"t_start": 1617361177.377027, "env_id": "BreakoutNoFrameskip-v4"}
r,l,t
0.0,127,2.835653
1.0,175,4.521155
0.0,129,5.828076
1.0,153,7.472808
