#{"t_start": 1617361177.3762052, "env_id": "BreakoutNoFrameskip-v4"}
r,l,t
4.0,277,4.396328
0.0,129,5.702573
0.0,127,7.045104
