#{"t_start": 1617306089.0579982, "env_id": "BreakoutNoFrameskip-v4"}
r,l,t
0.0,129,2.875292
1.0,157,4.488949
0.0,129,5.695281
