#{"t_start": 1617361177.380924, "env_id": "BreakoutNoFrameskip-v4"}
r,l,t
1.0,173,3.259102
2.0,185,5.139487
0.0,125,6.478862
0.0,129,7.782803
