#{"t_start": 1617361177.4436376, "env_id": "BreakoutNoFrameskip-v4"}
r,l,t
1.0,173,3.194428
0.0,129,4.454856
1.0,155,6.090194
